<xml>
<root> <string> r"""Implementation of SPINN in TensorFlow eager execution.

SPINN: Stack-Augmented Parser-Interpreter Neural Network.

Ths file contains model definition and code for training the model.

The model definition is based on PyTorch implementation at:
  https://github.com/jekbradbury/examples/tree/spinn/snli

which was released under a BSD 3-Clause License at:
https://github.com/jekbradbury/examples/blob/spinn/LICENSE:

Copyright (c) 2017,
All rights reserved.

See ./LICENSE for more details.

Instructions for use:
* See `README.md` for details on how to prepare the SNLI and GloVe data.
* Suppose you have prepared the data at "/tmp/spinn-data", use the folloing
  command to train the model:

  ```bash
  python spinn.py --data_root /tmp/spinn-data --logdir /tmp/spinn-logs
  ```

  Checkpoints and TensorBoard summaries will be written to "/tmp/spinn-logs".

References:
* Bowman, S.R., Gauthier, J., Rastogi A., Gupta, R., Manning, C.D., & Potts, C.
  (2016). A Fast Unified Model for Parsing and Sentence Understanding.
  https://arxiv.org/abs/1603.06021
* Bradbury, J. (2017). Recursive Neural Networks with PyTorch.
  https://devblogs.nvidia.com/parallelforall/recursive-neural-networks-pytorch/
""" </string><import_stmt> <import_from> <dotted_name> __future__ </dotted_name><import_as_names> <import_as_name> absolute_import </import_as_name> </import_as_names> </import_from> </import_stmt><import_stmt> <import_from> <dotted_name> __future__ </dotted_name><import_as_names> <import_as_name> division </import_as_name> </import_as_names> </import_from> </import_stmt><import_stmt> <import_from> <dotted_name> __future__ </dotted_name><import_as_names> <import_as_name> print_function </import_as_name> </import_as_names> </import_from> </import_stmt><import_stmt> <import_name> <dotted_as_names> <dotted_as_name> <dotted_name> argparse </dotted_name> </dotted_as_name> </dotted_as_names> </import_name> </import_stmt><import_stmt> <import_name> <dotted_as_names> <dotted_as_name> <dotted_name> itertools </dotted_name> </dotted_as_name> </dotted_as_names> </import_name> </import_stmt><import_stmt> <import_name> <dotted_as_names> <dotted_as_name> <dotted_name> os </dotted_name> </dotted_as_name> </dotted_as_names> </import_name> </import_stmt><import_stmt> <import_name> <dotted_as_names> <dotted_as_name> <dotted_name> sys </dotted_name> </dotted_as_name> </dotted_as_names> </import_name> </import_stmt><import_stmt> <import_name> <dotted_as_names> <dotted_as_name> <dotted_name> time </dotted_name> </dotted_as_name> </dotted_as_names> </import_name> </import_stmt><import_stmt> <import_from> <dotted_name> sixmoves </dotted_name><import_as_names> <import_as_name> xrange </import_as_name> </import_as_names> </import_from> </import_stmt><import_stmt> <import_name> <dotted_as_names> <dotted_as_name> <dotted_name> tensorflow </dotted_name>tf </dotted_as_name> </dotted_as_names> </import_name> </import_stmt><import_stmt> <import_name> <dotted_as_names> <dotted_as_name> <dotted_name> tensorflowcontribeager </dotted_name>tfe </dotted_as_name> </dotted_as_names> </import_name> </import_stmt><import_stmt> <import_from> <dotted_name> tensorflowcontribeagerpythonexamplesspinn </dotted_name><import_as_names> <import_as_name> data </import_as_name> </import_as_names> </import_from> </import_stmt><compound_stmt> <funcdef> _bundle<parameters> lstm_iter </parameters><suite> <string> """Concatenate a list of Tensors along 1st axis and split result into two.

  Args:
    lstm_iter: A `list` of `N` dense `Tensor`s, each of which has the shape
      (R, 2 * M).

  Returns:
    A `list` of two dense `Tensor`s, each of which has the shape (N * R, M).
  """ </string><return_stmt> <testlist> <funccall> <getattr> <var> tf </var>split </getattr><arguments> <funccall> <getattr> <var> tf </var>concat </getattr><arguments> <var> lstm_iter </var><number> 0 </number> </arguments> </funccall><number> 2 </number><argvalue> <var> axis </var><number> 1 </number> </argvalue> </arguments> </funccall> </testlist> </return_stmt> </suite> </funcdef> </compound_stmt><compound_stmt> <funcdef> _unbundle<parameters> state </parameters><suite> <string> """Concatenate a list of Tensors along 2nd axis and split result.

  This is the inverse of `_bundle`.

  Args:
    state: A `list` of two dense `Tensor`s, each of which has the shape (R, M).

  Returns:
    A `list` of `R` dense `Tensors`, each of which has the shape (1, 2 * M).
  """ </string><return_stmt> <testlist> <funccall> <getattr> <var> tf </var>split </getattr><arguments> <funccall> <getattr> <var> tf </var>concat </getattr><arguments> <var> state </var><number> 1 </number> </arguments> </funccall><getitem> <getattr> <getitem> <var> state </var><subscriptlist> <subscript> <number> 0 </number> </subscript> </subscriptlist> </getitem>shape </getattr><subscriptlist> <subscript> <number> 0 </number> </subscript> </subscriptlist> </getitem><argvalue> <var> axis </var><number> 0 </number> </argvalue> </arguments> </funccall> </testlist> </return_stmt> </suite> </funcdef> </compound_stmt><compound_stmt> <classdef> Reducer<arguments> <getattr> <var> tfe </var>Network </getattr> </arguments><suite> <string> """A module that applies reduce operation on left and right vectors.""" </string><compound_stmt> <funcdef> __init__<parameters> selfsize<paramvalue> tracker_size<const_none>  </const_none> </paramvalue> </parameters><suite> <funccall> <getattr> <funccall> <var> super </var><arguments> <var> Reducer </var><var> self </var> </arguments> </funccall>__init__ </getattr> </funccall><expr_stmt> <getattr> <var> self </var>left </getattr><funccall> <getattr> <var> self </var>track_layer </getattr><arguments> <funccall> <getattr> <getattr> <var> tf </var>layers </getattr>Dense </getattr><arguments> <term> <number> 5 </number>*<var> size </var> </term><argvalue> <var> activation </var><const_none>  </const_none> </argvalue> </arguments> </funccall> </arguments> </funccall> </expr_stmt><expr_stmt> <getattr> <var> self </var>right </getattr><funccall> <getattr> <var> self </var>track_layer </getattr><arguments> <funccall> <getattr> <getattr> <var> tf </var>layers </getattr>Dense </getattr><arguments> <term> <number> 5 </number>*<var> size </var> </term><argvalue> <var> activation </var><const_none>  </const_none> </argvalue><argvalue> <var> use_bias </var><const_false>  </const_false> </argvalue> </arguments> </funccall> </arguments> </funccall> </expr_stmt><compound_stmt> <if_stmt> <comparison> <var> tracker_size </var>isnot<const_none>  </const_none> </comparison><suite> <expr_stmt> <getattr> <var> self </var>track </getattr><funccall> <getattr> <var> self </var>track_layer </getattr><arguments> <funccall> <getattr> <getattr> <var> tf </var>layers </getattr>Dense </getattr><arguments> <term> <number> 5 </number>*<var> size </var> </term><argvalue> <var> activation </var><const_none>  </const_none> </argvalue><argvalue> <var> use_bias </var><const_false>  </const_false> </argvalue> </arguments> </funccall> </arguments> </funccall> </expr_stmt> </suite><suite> <expr_stmt> <getattr> <var> self </var>track </getattr><const_none>  </const_none> </expr_stmt> </suite> </if_stmt> </compound_stmt> </suite> </funcdef> </compound_stmt><compound_stmt> <funcdef> call<parameters> selfleft_inright_in<paramvalue> tracking<const_none>  </const_none> </paramvalue> </parameters><suite> <string> """Invoke forward pass of the Reduce module.

    This method feeds a linear combination of `left_in`, `right_in` and
    `tracking` into a Tree LSTM and returns the output of the Tree LSTM.

    Args:
      left_in: A list of length L. Each item is a dense `Tensor` with
        the shape (1, n_dims). n_dims is the size of the embedding vector.
      right_in: A list of the same length as `left_in`. Each item should have
        the same shape as the items of `left_in`.
      tracking: Optional list of the same length as `left_in`. Each item is a
        dense `Tensor` with shape (1, tracker_size * 2). tracker_size is the
        size of the Tracker's state vector.

    Returns:
      Output: A list of length batch_size. Each item has the shape (1, n_dims).
    """ </string><expr_stmt> <testlist_star_expr> <var> left </var><var> right </var> </testlist_star_expr><testlist_star_expr> <funccall> <var> _bundle </var><arguments> <var> left_in </var> </arguments> </funccall><funccall> <var> _bundle </var><arguments> <var> right_in </var> </arguments> </funccall> </testlist_star_expr> </expr_stmt><expr_stmt> <var> lstm_in </var><arith_expr> <funccall> <getattr> <var> self </var>left </getattr><arguments> <getitem> <var> left </var><subscriptlist> <subscript> <number> 0 </number> </subscript> </subscriptlist> </getitem> </arguments> </funccall>+<funccall> <getattr> <var> self </var>right </getattr><arguments> <getitem> <var> right </var><subscriptlist> <subscript> <number> 0 </number> </subscript> </subscriptlist> </getitem> </arguments> </funccall> </arith_expr> </expr_stmt><compound_stmt> <if_stmt> <and_test> <getattr> <var> self </var>track </getattr><var> tracking </var> </and_test><suite> <expr_stmt> <var> lstm_in </var><augassign> += </augassign><testlist> <funccall> <getattr> <var> self </var>track </getattr><arguments> <getitem> <funccall> <var> _bundle </var><arguments> <var> tracking </var> </arguments> </funccall><subscriptlist> <subscript> <number> 0 </number> </subscript> </subscriptlist> </getitem> </arguments> </funccall> </testlist> </expr_stmt> </suite> </if_stmt> </compound_stmt><return_stmt> <testlist> <funccall> <var> _unbundle </var><arguments> <funccall> <getattr> <var> self </var>_tree_lstm </getattr><arguments> <getitem> <var> left </var><subscriptlist> <subscript> <number> 1 </number> </subscript> </subscriptlist> </getitem><getitem> <var> right </var><subscriptlist> <subscript> <number> 1 </number> </subscript> </subscriptlist> </getitem><var> lstm_in </var> </arguments> </funccall> </arguments> </funccall> </testlist> </return_stmt> </suite> </funcdef> </compound_stmt><compound_stmt> <funcdef> _tree_lstm<parameters> selfc1c2lstm_in </parameters><suite> <expr_stmt> <testlist_star_expr> <var> a </var><var> i </var><var> f1 </var><var> f2 </var><var> o </var> </testlist_star_expr><funccall> <getattr> <var> tf </var>split </getattr><arguments> <var> lstm_in </var><number> 5 </number><argvalue> <var> axis </var><number> 1 </number> </argvalue> </arguments> </funccall> </expr_stmt><expr_stmt> <var> c </var><arith_expr> <term> <funccall> <getattr> <var> tf </var>tanh </getattr><arguments> <var> a </var> </arguments> </funccall>*<funccall> <getattr> <var> tf </var>sigmoid </getattr><arguments> <var> i </var> </arguments> </funccall> </term>+<term> <funccall> <getattr> <var> tf </var>sigmoid </getattr><arguments> <var> f1 </var> </arguments> </funccall>*<var> c1 </var> </term>+<term> <funccall> <getattr> <var> tf </var>sigmoid </getattr><arguments> <var> f2 </var> </arguments> </funccall>*<var> c2 </var> </term> </arith_expr> </expr_stmt><expr_stmt> <var> h </var><term> <funccall> <getattr> <var> tf </var>sigmoid </getattr><arguments> <var> o </var> </arguments> </funccall>*<funccall> <getattr> <var> tf </var>tanh </getattr><arguments> <var> c </var> </arguments> </funccall> </term> </expr_stmt><return_stmt> <testlist> <var> h </var><var> c </var> </testlist> </return_stmt> </suite> </funcdef> </compound_stmt> </suite> </classdef> </compound_stmt><compound_stmt> <classdef> Tracker<arguments> <getattr> <var> tfe </var>Network </getattr> </arguments><suite> <string> """A module that tracks the history of the sentence with an LSTM.""" </string><compound_stmt> <funcdef> __init__<parameters> selftracker_sizepredict </parameters><suite> <string> """Constructor of Tracker.

    Args:
      tracker_size: Number of dimensions of the underlying `LSTMCell`.
      predict: (`bool`) Whether prediction mode is enabled.
    """ </string><funccall> <getattr> <funccall> <var> super </var><arguments> <var> Tracker </var><var> self </var> </arguments> </funccall>__init__ </getattr> </funccall><expr_stmt> <getattr> <var> self </var>_rnn </getattr><funccall> <getattr> <var> self </var>track_layer </getattr><arguments> <funccall> <getattr> <getattr> <getattr> <var> tf </var>nn </getattr>rnn_cell </getattr>LSTMCell </getattr><arguments> <var> tracker_size </var> </arguments> </funccall> </arguments> </funccall> </expr_stmt><expr_stmt> <getattr> <var> self </var>_state_size </getattr><var> tracker_size </var> </expr_stmt><compound_stmt> <if_stmt> <var> predict </var><suite> <expr_stmt> <getattr> <var> self </var>_transition </getattr><funccall> <getattr> <var> self </var>track_layer </getattr><arguments> <funccall> <getattr> <getattr> <var> tf </var>layers </getattr>Dense </getattr><arguments> <number> 4 </number> </arguments> </funccall> </arguments> </funccall> </expr_stmt> </suite><suite> <expr_stmt> <getattr> <var> self </var>_transition </getattr><const_none>  </const_none> </expr_stmt> </suite> </if_stmt> </compound_stmt> </suite> </funcdef> </compound_stmt><compound_stmt> <funcdef> reset_state<parameters> self </parameters><suite> <expr_stmt> <getattr> <var> self </var>state </getattr><const_none>  </const_none> </expr_stmt> </suite> </funcdef> </compound_stmt><compound_stmt> <funcdef> call<parameters> selfbufsstacks </parameters><suite> <string> """Invoke the forward pass of the Tracker module.

    This method feeds the concatenation of the top two elements of the stacks
    into an LSTM cell and returns the resultant state of the LSTM cell.

    Args:
      bufs: A `list` of length batch_size. Each item is a `list` of
        max_sequence_len (maximum sequence length of the batch). Each item
        of the nested list is a dense `Tensor` of shape (1, d_proj), where
        d_proj is the size of the word embedding vector or the size of the
        vector space that the word embedding vector is projected to.
      stacks: A `list` of size batch_size. Each item is a `list` of
        variable length corresponding to the current height of the stack.
        Each item of the nested list is a dense `Tensor` of shape (1, d_proj).

    Returns:
      1. A list of length batch_size. Each item is a dense `Tensor` of shape
        (1, d_tracker * 2).
      2.  If under predict mode, result of applying a Dense layer on the
        first state vector of the RNN. Else, `None`.
    """ </string><expr_stmt> <var> buf </var><getitem> <funccall> <var> _bundle </var><arguments> <list> <testlist_comp> <getitem> <var> buf </var><subscriptlist> <subscript> <factor> -<number> 1 </number> </factor> </subscript> </subscriptlist> </getitem><comp_for> <exprlist> <var> buf </var> </exprlist><var> bufs </var> </comp_for> </testlist_comp> </list> </arguments> </funccall><subscriptlist> <subscript> <number> 0 </number> </subscript> </subscriptlist> </getitem> </expr_stmt><expr_stmt> <var> stack1 </var><getitem> <funccall> <var> _bundle </var><arguments> <list> <testlist_comp> <getitem> <var> stack </var><subscriptlist> <subscript> <factor> -<number> 1 </number> </factor> </subscript> </subscriptlist> </getitem><comp_for> <exprlist> <var> stack </var> </exprlist><var> stacks </var> </comp_for> </testlist_comp> </list> </arguments> </funccall><subscriptlist> <subscript> <number> 0 </number> </subscript> </subscriptlist> </getitem> </expr_stmt><expr_stmt> <var> stack2 </var><getitem> <funccall> <var> _bundle </var><arguments> <list> <testlist_comp> <getitem> <var> stack </var><subscriptlist> <subscript> <factor> -<number> 2 </number> </factor> </subscript> </subscriptlist> </getitem><comp_for> <exprlist> <var> stack </var> </exprlist><var> stacks </var> </comp_for> </testlist_comp> </list> </arguments> </funccall><subscriptlist> <subscript> <number> 0 </number> </subscript> </subscriptlist> </getitem> </expr_stmt><expr_stmt> <var> x </var><funccall> <getattr> <var> tf </var>concat </getattr><arguments> <list> <testlist_comp> <var> buf </var><var> stack1 </var><var> stack2 </var> </testlist_comp> </list><number> 1 </number> </arguments> </funccall> </expr_stmt><compound_stmt> <if_stmt> <comparison> <getattr> <var> self </var>state </getattr>is<const_none>  </const_none> </comparison><suite> <expr_stmt> <var> batch_size </var><funccall> <var> int </var><arguments> <getitem> <getattr> <var> x </var>shape </getattr><subscriptlist> <subscript> <number> 0 </number> </subscript> </subscriptlist> </getitem> </arguments> </funccall> </expr_stmt><expr_stmt> <var> zeros </var><funccall> <getattr> <var> tf </var>zeros </getattr><arguments> <tuple> <testlist_comp> <var> batch_size </var><getattr> <var> self </var>_state_size </getattr> </testlist_comp> </tuple><argvalue> <var> dtype </var><getattr> <var> tf </var>float32 </getattr> </argvalue> </arguments> </funccall> </expr_stmt><expr_stmt> <getattr> <var> self </var>state </getattr><list> <testlist_comp> <var> zeros </var><var> zeros </var> </testlist_comp> </list> </expr_stmt> </suite> </if_stmt> </compound_stmt><expr_stmt> <testlist_star_expr> <var> _ </var><getattr> <var> self </var>state </getattr> </testlist_star_expr><funccall> <getattr> <var> self </var>_rnn </getattr><arguments> <var> x </var><getattr> <var> self </var>state </getattr> </arguments> </funccall> </expr_stmt><expr_stmt> <var> unbundled </var><funccall> <var> _unbundle </var><arguments> <getattr> <var> self </var>state </getattr> </arguments> </funccall> </expr_stmt><compound_stmt> <if_stmt> <getattr> <var> self </var>_transition </getattr><suite> <return_stmt> <testlist> <var> unbundled </var><funccall> <getattr> <var> self </var>_transition </getattr><arguments> <getitem> <getattr> <var> self </var>state </getattr><subscriptlist> <subscript> <number> 0 </number> </subscript> </subscriptlist> </getitem> </arguments> </funccall> </testlist> </return_stmt> </suite><suite> <return_stmt> <testlist> <var> unbundled </var><const_none>  </const_none> </testlist> </return_stmt> </suite> </if_stmt> </compound_stmt> </suite> </funcdef> </compound_stmt> </suite> </classdef> </compound_stmt><compound_stmt> <classdef> SPINN<arguments> <getattr> <var> tfe </var>Network </getattr> </arguments><suite> <string> """Stack-augmented Parser-Interpreter Neural Network.

  See https://arxiv.org/abs/1603.06021 for more details.
  """ </string><compound_stmt> <funcdef> __init__<parameters> selfconfig </parameters><suite> <string> """Constructor of SPINN.

    Args:
      config: A `namedtupled` with the following attributes.
        d_proj - (`int`) number of dimensions of the vector space to project the
          word embeddings to.
        d_tracker - (`int`) number of dimensions of the Tracker's state vector.
        d_hidden - (`int`) number of the dimensions of the hidden state, for the
          Reducer module.
        n_mlp_layers - (`int`) number of multi-layer perceptron layers to use to
          convert the output of the `Feature` module to logits.
        predict - (`bool`) Whether the Tracker will enabled predictions.
    """ </string><funccall> <getattr> <funccall> <var> super </var><arguments> <var> SPINN </var><var> self </var> </arguments> </funccall>__init__ </getattr> </funccall><expr_stmt> <getattr> <var> self </var>config </getattr><var> config </var> </expr_stmt><expr_stmt> <getattr> <var> self </var>reducer </getattr><funccall> <getattr> <var> self </var>track_layer </getattr><arguments> <funccall> <var> Reducer </var><arguments> <getattr> <var> config </var>d_hidden </getattr><getattr> <var> config </var>d_tracker </getattr> </arguments> </funccall> </arguments> </funccall> </expr_stmt><compound_stmt> <if_stmt> <comparison> <getattr> <var> config </var>d_tracker </getattr>isnot<const_none>  </const_none> </comparison><suite> <expr_stmt> <getattr> <var> self </var>tracker </getattr><funccall> <getattr> <var> self </var>track_layer </getattr><arguments> <funccall> <var> Tracker </var><arguments> <getattr> <var> config </var>d_tracker </getattr><getattr> <var> config </var>predict </getattr> </arguments> </funccall> </arguments> </funccall> </expr_stmt> </suite><suite> <expr_stmt> <getattr> <var> self </var>tracker </getattr><const_none>  </const_none> </expr_stmt> </suite> </if_stmt> </compound_stmt> </suite> </funcdef> </compound_stmt><compound_stmt> <funcdef> call<parameters> selfbufferstransitions<paramvalue> training<const_false>  </const_false> </paramvalue> </parameters><suite> <string> """Invoke the forward pass of the SPINN model.

    Args:
      buffers: Dense `Tensor` of shape
        (max_sequence_len, batch_size, config.d_proj).
      transitions: Dense `Tensor` with integer values that represent the parse
        trees of the sentences. A value of 2 indicates "reduce"; a value of 3
        indicates "shift". Shape: (max_sequence_len * 2 - 3, batch_size).
      training: Whether the invocation is under training mode.

    Returns:
      Output `Tensor` of shape (batch_size, config.d_embed).
    """ </string><expr_stmt> <testlist_star_expr> <var> max_sequence_len </var><var> batch_size </var><var> d_proj </var> </testlist_star_expr><tuple> <testlist_comp> <funccall> <var> int </var><arguments> <var> x </var> </arguments> </funccall><comp_for> <exprlist> <var> x </var> </exprlist><getattr> <var> buffers </var>shape </getattr> </comp_for> </testlist_comp> </tuple> </expr_stmt><expr_stmt> <var> splitted </var><funccall> <getattr> <var> tf </var>split </getattr><arguments> <funccall> <getattr> <var> tf </var>reshape </getattr><arguments> <funccall> <getattr> <var> tf </var>transpose </getattr><arguments> <var> buffers </var><list> <testlist_comp> <number> 1 </number><number> 0 </number><number> 2 </number> </testlist_comp> </list> </arguments> </funccall><list> <testlist_comp> <factor> -<number> 1 </number> </factor><var> d_proj </var> </testlist_comp> </list> </arguments> </funccall><term> <var> max_sequence_len </var>*<var> batch_size </var> </term><argvalue> <var> axis </var><number> 0 </number> </argvalue> </arguments> </funccall> </expr_stmt><expr_stmt> <var> buffers </var><list> <testlist_comp> <getitem> <var> splitted </var><subscriptlist> <subscript> <var> k </var><arith_expr> <var> k </var>+<var> max_sequence_len </var> </arith_expr> </subscript> </subscriptlist> </getitem><comp_for> <exprlist> <var> k </var> </exprlist><funccall> <var> xrange </var><arguments> <number> 0 </number><funccall> <var> len </var><arguments> <var> splitted </var> </arguments> </funccall><var> max_sequence_len </var> </arguments> </funccall> </comp_for> </testlist_comp> </list> </expr_stmt><expr_stmt> <var> stacks </var><list> <testlist_comp> <list> <testlist_comp> <getitem> <var> buf </var><subscriptlist> <subscript> <number> 0 </number> </subscript> </subscriptlist> </getitem><getitem> <var> buf </var><subscriptlist> <subscript> <number> 0 </number> </subscript> </subscriptlist> </getitem> </testlist_comp> </list><comp_for> <exprlist> <var> buf </var> </exprlist><var> buffers </var> </comp_for> </testlist_comp> </list> </expr_stmt><compound_stmt> <if_stmt> <getattr> <var> self </var>tracker </getattr><suite> <funccall> <getattr> <getattr> <var> self </var>tracker </getattr>reset_state </getattr> </funccall> </suite> </if_stmt> </compound_stmt><expr_stmt> <var> num_transitions </var><getitem> <getattr> <var> transitions </var>shape </getattr><subscriptlist> <subscript> <number> 0 </number> </subscript> </subscriptlist> </getitem> </expr_stmt><expr_stmt> <var> transitions </var><funccall> <getattr> <var> transitions </var>numpy </getattr> </funccall> </expr_stmt><compound_stmt> <for_stmt> <exprlist> <var> i </var> </exprlist><testlist> <funccall> <var> xrange </var><arguments> <var> num_transitions </var> </arguments> </funccall> </testlist><suite> <expr_stmt> <var> trans </var><getitem> <var> transitions </var><subscriptlist> <subscript> <var> i </var> </subscript> </subscriptlist> </getitem> </expr_stmt><compound_stmt> <if_stmt> <getattr> <var> self </var>tracker </getattr><suite> <expr_stmt> <testlist_star_expr> <var> tracker_states </var><var> trans_hypothesis </var> </testlist_star_expr><funccall> <getattr> <var> self </var>tracker </getattr><arguments> <var> buffers </var><var> stacks </var> </arguments> </funccall> </expr_stmt><compound_stmt> <if_stmt> <var> trans_hypothesis </var><suite> <expr_stmt> <var> trans </var><funccall> <getattr> <var> tf </var>argmax </getattr><arguments> <var> trans_hypothesis </var><argvalue> <var> axis </var><factor> -<number> 1 </number> </factor> </argvalue> </arguments> </funccall> </expr_stmt> </suite> </if_stmt> </compound_stmt> </suite><suite> <expr_stmt> <var> tracker_states </var><funccall> <getattr> <var> itertools </var>repeat </getattr><arguments> <const_none>  </const_none> </arguments> </funccall> </expr_stmt> </suite> </if_stmt> </compound_stmt><expr_stmt> <testlist_star_expr> <var> lefts </var><var> rights </var><var> trackings </var> </testlist_star_expr><testlist_star_expr> <list>  </list><list>  </list><list>  </list> </testlist_star_expr> </expr_stmt><compound_stmt> <for_stmt> <exprlist> <var> transition </var><var> buf </var><var> stack </var><var> tracking </var> </exprlist><testlist> <funccall> <var> zip </var><arguments> <var> trans </var><var> buffers </var><var> stacks </var><var> tracker_states </var> </arguments> </funccall> </testlist><suite> <compound_stmt> <if_stmt> <comparison> <funccall> <var> int </var><arguments> <var> transition </var> </arguments> </funccall>==<number> 3 </number> </comparison><suite> <funccall> <getattr> <var> stack </var>append </getattr><arguments> <funccall> <getattr> <var> buf </var>pop </getattr> </funccall> </arguments> </funccall> </suite><comparison> <funccall> <var> int </var><arguments> <var> transition </var> </arguments> </funccall>==<number> 2 </number> </comparison><suite> <funccall> <getattr> <var> rights </var>append </getattr><arguments> <funccall> <getattr> <var> stack </var>pop </getattr> </funccall> </arguments> </funccall><funccall> <getattr> <var> lefts </var>append </getattr><arguments> <funccall> <getattr> <var> stack </var>pop </getattr> </funccall> </arguments> </funccall><funccall> <getattr> <var> trackings </var>append </getattr><arguments> <var> tracking </var> </arguments> </funccall> </suite> </if_stmt> </compound_stmt> </suite> </for_stmt> </compound_stmt><compound_stmt> <if_stmt> <var> rights </var><suite> <expr_stmt> <var> reducer_output </var><funccall> <getattr> <var> self </var>reducer </getattr><arguments> <var> lefts </var><var> rights </var><var> trackings </var> </arguments> </funccall> </expr_stmt><expr_stmt> <var> reduced </var><funccall> <var> iter </var><arguments> <var> reducer_output </var> </arguments> </funccall> </expr_stmt><compound_stmt> <for_stmt> <exprlist> <var> transition </var><var> stack </var> </exprlist><testlist> <funccall> <var> zip </var><arguments> <var> trans </var><var> stacks </var> </arguments> </funccall> </testlist><suite> <compound_stmt> <if_stmt> <comparison> <funccall> <var> int </var><arguments> <var> transition </var> </arguments> </funccall>==<number> 2 </number> </comparison><suite> <funccall> <getattr> <var> stack </var>append </getattr><arguments> <funccall> <var> next </var><arguments> <var> reduced </var> </arguments> </funccall> </arguments> </funccall> </suite> </if_stmt> </compound_stmt> </suite> </for_stmt> </compound_stmt> </suite> </if_stmt> </compound_stmt> </suite> </for_stmt> </compound_stmt><return_stmt> <testlist> <getitem> <funccall> <var> _bundle </var><arguments> <list> <testlist_comp> <funccall> <getattr> <var> stack </var>pop </getattr> </funccall><comp_for> <exprlist> <var> stack </var> </exprlist><var> stacks </var> </comp_for> </testlist_comp> </list> </arguments> </funccall><subscriptlist> <subscript> <number> 0 </number> </subscript> </subscriptlist> </getitem> </testlist> </return_stmt> </suite> </funcdef> </compound_stmt> </suite> </classdef> </compound_stmt><compound_stmt> <classdef> SNLIClassifier<arguments> <getattr> <var> tfe </var>Network </getattr> </arguments><suite> <string> """SNLI Classifier Model.

  A model aimed at solving the SNLI (Standford Natural Language Inference)
  task, using the SPINN model from above. For details of the task, see:
    https://nlp.stanford.edu/projects/snli/
  """ </string><compound_stmt> <funcdef> __init__<parameters> selfconfigembed </parameters><suite> <string> """Constructor of SNLICLassifier.

    Args:
      config: A namedtuple containing required configurations for the model. It
        needs to have the following attributes.
        projection - (`bool`) whether the word vectors are to be projected onto
          another vector space (of `d_proj` dimensions).
        d_proj - (`int`) number of dimensions of the vector space to project the
          word embeddings to.
        embed_dropout - (`float`) dropout rate for the word embedding vectors.
        n_mlp_layers - (`int`) number of multi-layer perceptron (MLP) layers to
          use to convert the output of the `Feature` module to logits.
        mlp_dropout - (`float`) dropout rate of the MLP layers.
        d_out - (`int`) number of dimensions of the final output of the MLP
          layers.
        lr - (`float`) learning rate.
      embed: A embedding matrix of shape (vocab_size, d_embed).
    """ </string><funccall> <getattr> <funccall> <var> super </var><arguments> <var> SNLIClassifier </var><var> self </var> </arguments> </funccall>__init__ </getattr> </funccall><expr_stmt> <getattr> <var> self </var>config </getattr><var> config </var> </expr_stmt><expr_stmt> <getattr> <var> self </var>embed </getattr><funccall> <getattr> <var> tf </var>constant </getattr><arguments> <var> embed </var> </arguments> </funccall> </expr_stmt><expr_stmt> <getattr> <var> self </var>projection </getattr><funccall> <getattr> <var> self </var>track_layer </getattr><arguments> <funccall> <getattr> <getattr> <var> tf </var>layers </getattr>Dense </getattr><arguments> <getattr> <var> config </var>d_proj </getattr> </arguments> </funccall> </arguments> </funccall> </expr_stmt><expr_stmt> <getattr> <var> self </var>embed_bn </getattr><funccall> <getattr> <var> self </var>track_layer </getattr><arguments> <funccall> <getattr> <getattr> <var> tf </var>layers </getattr>BatchNormalization </getattr> </funccall> </arguments> </funccall> </expr_stmt><expr_stmt> <getattr> <var> self </var>embed_dropout </getattr><funccall> <getattr> <var> self </var>track_layer </getattr><arguments> <funccall> <getattr> <getattr> <var> tf </var>layers </getattr>Dropout </getattr><arguments> <argvalue> <var> rate </var><getattr> <var> config </var>embed_dropout </getattr> </argvalue> </arguments> </funccall> </arguments> </funccall> </expr_stmt><expr_stmt> <getattr> <var> self </var>encoder </getattr><funccall> <getattr> <var> self </var>track_layer </getattr><arguments> <funccall> <var> SPINN </var><arguments> <var> config </var> </arguments> </funccall> </arguments> </funccall> </expr_stmt><expr_stmt> <getattr> <var> self </var>feature_bn </getattr><funccall> <getattr> <var> self </var>track_layer </getattr><arguments> <funccall> <getattr> <getattr> <var> tf </var>layers </getattr>BatchNormalization </getattr> </funccall> </arguments> </funccall> </expr_stmt><expr_stmt> <getattr> <var> self </var>feature_dropout </getattr><funccall> <getattr> <var> self </var>track_layer </getattr><arguments> <funccall> <getattr> <getattr> <var> tf </var>layers </getattr>Dropout </getattr><arguments> <argvalue> <var> rate </var><getattr> <var> config </var>mlp_dropout </getattr> </argvalue> </arguments> </funccall> </arguments> </funccall> </expr_stmt><expr_stmt> <getattr> <var> self </var>mlp_dense </getattr><list>  </list> </expr_stmt><expr_stmt> <getattr> <var> self </var>mlp_bn </getattr><list>  </list> </expr_stmt><expr_stmt> <getattr> <var> self </var>mlp_dropout </getattr><list>  </list> </expr_stmt><compound_stmt> <for_stmt> <exprlist> <var> _ </var> </exprlist><testlist> <funccall> <var> xrange </var><arguments> <getattr> <var> config </var>n_mlp_layers </getattr> </arguments> </funccall> </testlist><suite> <funccall> <getattr> <getattr> <var> self </var>mlp_dense </getattr>append </getattr><arguments> <funccall> <getattr> <var> self </var>track_layer </getattr><arguments> <funccall> <getattr> <getattr> <var> tf </var>layers </getattr>Dense </getattr><arguments> <getattr> <var> config </var>d_mlp </getattr> </arguments> </funccall> </arguments> </funccall> </arguments> </funccall><funccall> <getattr> <getattr> <var> self </var>mlp_bn </getattr>append </getattr><arguments> <funccall> <getattr> <var> self </var>track_layer </getattr><arguments> <funccall> <getattr> <getattr> <var> tf </var>layers </getattr>BatchNormalization </getattr> </funccall> </arguments> </funccall> </arguments> </funccall><funccall> <getattr> <getattr> <var> self </var>mlp_dropout </getattr>append </getattr><arguments> <funccall> <getattr> <var> self </var>track_layer </getattr><arguments> <funccall> <getattr> <getattr> <var> tf </var>layers </getattr>Dropout </getattr><arguments> <argvalue> <var> rate </var><getattr> <var> config </var>mlp_dropout </getattr> </argvalue> </arguments> </funccall> </arguments> </funccall> </arguments> </funccall> </suite> </for_stmt> </compound_stmt><expr_stmt> <getattr> <var> self </var>mlp_output </getattr><funccall> <getattr> <var> self </var>track_layer </getattr><arguments> <funccall> <getattr> <getattr> <var> tf </var>layers </getattr>Dense </getattr><arguments> <getattr> <var> config </var>d_out </getattr><argvalue> <var> kernel_initializer </var><funccall> <getattr> <var> tf </var>random_uniform_initializer </getattr><arguments> <argvalue> <var> minval </var><factor> -<number> 5e-3 </number> </factor> </argvalue><argvalue> <var> maxval </var><number> 5e-3 </number> </argvalue> </arguments> </funccall> </argvalue> </arguments> </funccall> </arguments> </funccall> </expr_stmt> </suite> </funcdef> </compound_stmt><compound_stmt> <funcdef> call<parameters> selfpremisepremise_transitionhypothesishypothesis_transition<paramvalue> training<const_false>  </const_false> </paramvalue> </parameters><suite> <string> """Invoke the forward pass the SNLIClassifier model.

    Args:
      premise: The word indices of the premise sentences, with shape
        (max_prem_seq_len, batch_size).
      premise_transition: The transitions for the premise sentences, with shape
        (max_prem_seq_len * 2 - 3, batch_size).
      hypothesis: The word indices of the hypothesis sentences, with shape
        (max_hypo_seq_len, batch_size).
      hypothesis_transition: The transitions for the hypothesis sentences, with
        shape (max_hypo_seq_len * 2 - 3, batch_size).
      training: Whether the invocation is under training mode.

    Returns:
      The logits, as a dense `Tensor` of shape (batch_size, d_out), where d_out
      is the size of the output vector.
    """ </string><expr_stmt> <var> premise_embed </var><funccall> <getattr> <getattr> <var> tf </var>nn </getattr>embedding_lookup </getattr><arguments> <getattr> <var> self </var>embed </getattr><var> premise </var> </arguments> </funccall> </expr_stmt><expr_stmt> <var> hypothesis_embed </var><funccall> <getattr> <getattr> <var> tf </var>nn </getattr>embedding_lookup </getattr><arguments> <getattr> <var> self </var>embed </getattr><var> hypothesis </var> </arguments> </funccall> </expr_stmt><compound_stmt> <if_stmt> <getattr> <getattr> <var> self </var>config </getattr>projection </getattr><suite> <expr_stmt> <var> premise_embed </var><funccall> <getattr> <var> self </var>projection </getattr><arguments> <var> premise_embed </var> </arguments> </funccall> </expr_stmt><expr_stmt> <var> hypothesis_embed </var><funccall> <getattr> <var> self </var>projection </getattr><arguments> <var> hypothesis_embed </var> </arguments> </funccall> </expr_stmt> </suite> </if_stmt> </compound_stmt><expr_stmt> <var> premise_embed </var><funccall> <getattr> <var> self </var>embed_bn </getattr><arguments> <var> premise_embed </var><argvalue> <var> training </var><var> training </var> </argvalue> </arguments> </funccall> </expr_stmt><expr_stmt> <var> hypothesis_embed </var><funccall> <getattr> <var> self </var>embed_bn </getattr><arguments> <var> hypothesis_embed </var><argvalue> <var> training </var><var> training </var> </argvalue> </arguments> </funccall> </expr_stmt><expr_stmt> <var> premise_embed </var><funccall> <getattr> <var> self </var>embed_dropout </getattr><arguments> <var> premise_embed </var><argvalue> <var> training </var><var> training </var> </argvalue> </arguments> </funccall> </expr_stmt><expr_stmt> <var> hypothesis_embed </var><funccall> <getattr> <var> self </var>embed_dropout </getattr><arguments> <var> hypothesis_embed </var><argvalue> <var> training </var><var> training </var> </argvalue> </arguments> </funccall> </expr_stmt><expr_stmt> <var> premise </var><funccall> <getattr> <var> self </var>encoder </getattr><arguments> <var> premise_embed </var><var> premise_transition </var><argvalue> <var> training </var><var> training </var> </argvalue> </arguments> </funccall> </expr_stmt><expr_stmt> <var> hypothesis </var><funccall> <getattr> <var> self </var>encoder </getattr><arguments> <var> hypothesis_embed </var><var> hypothesis_transition </var><argvalue> <var> training </var><var> training </var> </argvalue> </arguments> </funccall> </expr_stmt><expr_stmt> <var> logits </var><funccall> <getattr> <var> tf </var>concat </getattr><arguments> <list> <testlist_comp> <var> premise </var><var> hypothesis </var><arith_expr> <var> premise </var>-<var> hypothesis </var> </arith_expr><term> <var> premise </var>*<var> hypothesis </var> </term> </testlist_comp> </list><number> 1 </number> </arguments> </funccall> </expr_stmt><expr_stmt> <var> logits </var><funccall> <getattr> <var> self </var>feature_dropout </getattr><arguments> <funccall> <getattr> <var> self </var>feature_bn </getattr><arguments> <var> logits </var><argvalue> <var> training </var><var> training </var> </argvalue> </arguments> </funccall><argvalue> <var> training </var><var> training </var> </argvalue> </arguments> </funccall> </expr_stmt><compound_stmt> <for_stmt> <exprlist> <var> dense </var><var> bn </var><var> dropout </var> </exprlist><testlist> <funccall> <var> zip </var><arguments> <getattr> <var> self </var>mlp_dense </getattr><getattr> <var> self </var>mlp_bn </getattr><getattr> <var> self </var>mlp_dropout </getattr> </arguments> </funccall> </testlist><suite> <expr_stmt> <var> logits </var><funccall> <getattr> <getattr> <var> tf </var>nn </getattr>elu </getattr><arguments> <funccall> <var> dense </var><arguments> <var> logits </var> </arguments> </funccall> </arguments> </funccall> </expr_stmt><expr_stmt> <var> logits </var><funccall> <var> dropout </var><arguments> <funccall> <var> bn </var><arguments> <var> logits </var><argvalue> <var> training </var><var> training </var> </argvalue> </arguments> </funccall><argvalue> <var> training </var><var> training </var> </argvalue> </arguments> </funccall> </expr_stmt> </suite> </for_stmt> </compound_stmt><expr_stmt> <var> logits </var><funccall> <getattr> <var> self </var>mlp_output </getattr><arguments> <var> logits </var> </arguments> </funccall> </expr_stmt><return_stmt> <testlist> <var> logits </var> </testlist> </return_stmt> </suite> </funcdef> </compound_stmt> </suite> </classdef> </compound_stmt><compound_stmt> <classdef> SNLIClassifierTrainer<arguments> <var> object </var> </arguments><suite> <string> """A class that coordinates the training of an SNLIClassifier.""" </string><compound_stmt> <funcdef> __init__<parameters> selfsnli_classifierlr </parameters><suite> <string> """Constructor of SNLIClassifierTrainer.

    Args:
      snli_classifier: An instance of `SNLIClassifier`.
      lr: Learning rate.
    """ </string><expr_stmt> <getattr> <var> self </var>_model </getattr><var> snli_classifier </var> </expr_stmt><expr_stmt> <getattr> <var> self </var>_learning_rate </getattr><funccall> <getattr> <var> tfe </var>Variable </getattr><arguments> <var> lr </var><argvalue> <var> name </var><string> "learning_rate" </string> </argvalue> </arguments> </funccall> </expr_stmt><expr_stmt> <getattr> <var> self </var>_optimizer </getattr><funccall> <getattr> <getattr> <var> tf </var>train </getattr>RMSPropOptimizer </getattr><arguments> <getattr> <var> self </var>_learning_rate </getattr><argvalue> <var> epsilon </var><number> 1e-6 </number> </argvalue> </arguments> </funccall> </expr_stmt> </suite> </funcdef> </compound_stmt><compound_stmt> <funcdef> loss<parameters> selflabelslogits </parameters><suite> <string> """Calculate the loss given a batch of data.

    Args:
      labels: The truth labels, with shape (batch_size,).
      logits: The logits output from the forward pass of the SNLIClassifier
        model, with shape (batch_size, d_out), where d_out is the output
        dimension size of the SNLIClassifier.

    Returns:
      The loss value, as a scalar `Tensor`.
    """ </string><return_stmt> <testlist> <funccall> <getattr> <var> tf </var>reduce_mean </getattr><arguments> <funccall> <getattr> <getattr> <var> tf </var>nn </getattr>sparse_softmax_cross_entropy_with_logits </getattr><arguments> <argvalue> <var> labels </var><var> labels </var> </argvalue><argvalue> <var> logits </var><var> logits </var> </argvalue> </arguments> </funccall> </arguments> </funccall> </testlist> </return_stmt> </suite> </funcdef> </compound_stmt><compound_stmt> <funcdef> train_batch<parameters> selflabelspremisepremise_transitionhypothesishypothesis_transition </parameters><suite> <string> """Train model on batch of data.

    Args:
      labels: The truth labels, with shape (batch_size,).
      premise: The word indices of the premise sentences, with shape
        (max_prem_seq_len, batch_size).
      premise_transition: The transitions for the premise sentences, with shape
        (max_prem_seq_len * 2 - 3, batch_size).
      hypothesis: The word indices of the hypothesis sentences, with shape
        (max_hypo_seq_len, batch_size).
      hypothesis_transition: The transitions for the hypothesis sentences, with
        shape (max_hypo_seq_len * 2 - 3, batch_size).

    Returns:
      1. loss value as a scalar `Tensor`.
      2. logits as a dense `Tensor` of shape (batch_size, d_out), where d_out is
        the output dimension size of the SNLIClassifier.
    """ </string><compound_stmt> <with_stmt> <with_item> <funccall> <getattr> <var> tfe </var>GradientTape </getattr> </funccall><var> tape </var> </with_item><suite> <funccall> <getattr> <var> tape </var>watch </getattr><arguments> <getattr> <getattr> <var> self </var>_model </getattr>variables </getattr> </arguments> </funccall><expr_stmt> <var> logits </var><funccall> <getattr> <var> self </var>_model </getattr><arguments> <var> premise </var><var> premise_transition </var><var> hypothesis </var><var> hypothesis_transition </var><argvalue> <var> training </var><const_true>  </const_true> </argvalue> </arguments> </funccall> </expr_stmt><expr_stmt> <var> loss </var><funccall> <getattr> <var> self </var>loss </getattr><arguments> <var> labels </var><var> logits </var> </arguments> </funccall> </expr_stmt> </suite> </with_stmt> </compound_stmt><expr_stmt> <var> gradients </var><funccall> <getattr> <var> tape </var>gradient </getattr><arguments> <var> loss </var><getattr> <getattr> <var> self </var>_model </getattr>variables </getattr> </arguments> </funccall> </expr_stmt><funccall> <getattr> <getattr> <var> self </var>_optimizer </getattr>apply_gradients </getattr><arguments> <funccall> <var> zip </var><arguments> <var> gradients </var><getattr> <getattr> <var> self </var>_model </getattr>variables </getattr> </arguments> </funccall><argvalue> <var> global_step </var><funccall> <getattr> <getattr> <var> tf </var>train </getattr>get_global_step </getattr> </funccall> </argvalue> </arguments> </funccall><return_stmt> <testlist> <var> loss </var><var> logits </var> </testlist> </return_stmt> </suite> </funcdef> </compound_stmt><compound_stmt> <funcdef> decay_learning_rate<parameters> selfdecay_by </parameters><suite> <string> """Decay learning rate of the optimizer by factor decay_by.""" </string><funccall> <getattr> <getattr> <var> self </var>_learning_rate </getattr>assign </getattr><arguments> <term> <getattr> <var> self </var>_learning_rate </getattr>*<var> decay_by </var> </term> </arguments> </funccall><funccall> <var> print </var><arguments> <term> <string> "Decayed learning rate of optimizer to: %s" </string>%<funccall> <getattr> <getattr> <var> self </var>_learning_rate </getattr>numpy </getattr> </funccall> </term> </arguments> </funccall> </suite> </funcdef> </compound_stmt><compound_stmt> <decorated> <decorators> <decorator> <dotted_name> property </dotted_name> </decorator> </decorators><funcdef> learning_rate<parameters> self </parameters><suite> <return_stmt> <testlist> <getattr> <var> self </var>_learning_rate </getattr> </testlist> </return_stmt> </suite> </funcdef> </decorated> </compound_stmt> </suite> </classdef> </compound_stmt><compound_stmt> <funcdef> _batch_n_correct<parameters> logitslabel </parameters><suite> <string> """Calculate number of correct predictions in a batch.

  Args:
    logits: A logits Tensor of shape `(batch_size, num_categories)` and dtype
      `float32`.
    label: A labels Tensor of shape `(batch_size,)` and dtype `int64`

  Returns:
    Number of correct predictions.
  """ </string><return_stmt> <testlist> <funccall> <getattr> <funccall> <getattr> <var> tf </var>reduce_sum </getattr><arguments> <funccall> <getattr> <var> tf </var>cast </getattr><arguments> <funccall> <getattr> <var> tf </var>equal </getattr><arguments> <funccall> <getattr> <var> tf </var>argmax </getattr><arguments> <var> logits </var><argvalue> <var> axis </var><number> 1 </number> </argvalue> </arguments> </funccall><var> label </var> </arguments> </funccall><getattr> <var> tf </var>float32 </getattr> </arguments> </funccall> </arguments> </funccall>numpy </getattr> </funccall> </testlist> </return_stmt> </suite> </funcdef> </compound_stmt><compound_stmt> <funcdef> _evaluate_on_dataset<parameters> snli_databatch_sizemodeltraineruse_gpu </parameters><suite> <string> """Run evaluation on a dataset.

  Args:
    snli_data: The `data.SnliData` to use in this evaluation.
    batch_size: The batch size to use during this evaluation.
    model: An instance of `SNLIClassifier` to evaluate.
    trainer: An instance of `SNLIClassifierTrainer to use for this
      evaluation.
    use_gpu: Whether GPU is being used.

  Returns:
    1. Average loss across all examples of the dataset.
    2. Average accuracy rate across all examples of the dataset.
  """ </string><expr_stmt> <var> mean_loss </var><funccall> <getattr> <getattr> <var> tfe </var>metrics </getattr>Mean </getattr> </funccall> </expr_stmt><expr_stmt> <var> accuracy </var><funccall> <getattr> <getattr> <var> tfe </var>metrics </getattr>Accuracy </getattr> </funccall> </expr_stmt><compound_stmt> <for_stmt> <exprlist> <var> label </var><var> prem </var><var> prem_trans </var><var> hypo </var><var> hypo_trans </var> </exprlist><testlist> <funccall> <var> _get_dataset_iterator </var><arguments> <var> snli_data </var><var> batch_size </var> </arguments> </funccall> </testlist><suite> <compound_stmt> <if_stmt> <var> use_gpu </var><suite> <expr_stmt> <testlist_star_expr> <var> label </var><var> prem </var><var> hypo </var> </testlist_star_expr><testlist_star_expr> <funccall> <getattr> <var> label </var>gpu </getattr> </funccall><funccall> <getattr> <var> prem </var>gpu </getattr> </funccall><funccall> <getattr> <var> hypo </var>gpu </getattr> </funccall> </testlist_star_expr> </expr_stmt> </suite> </if_stmt> </compound_stmt><expr_stmt> <var> logits </var><funccall> <var> model </var><arguments> <var> prem </var><var> prem_trans </var><var> hypo </var><var> hypo_trans </var><argvalue> <var> training </var><const_false>  </const_false> </argvalue> </arguments> </funccall> </expr_stmt><expr_stmt> <var> loss_val </var><funccall> <getattr> <var> trainer </var>loss </getattr><arguments> <var> label </var><var> logits </var> </arguments> </funccall> </expr_stmt><expr_stmt> <var> batch_size </var><getitem> <funccall> <getattr> <var> tf </var>shape </getattr><arguments> <var> label </var> </arguments> </funccall><subscriptlist> <subscript> <number> 0 </number> </subscript> </subscriptlist> </getitem> </expr_stmt><funccall> <var> mean_loss </var><arguments> <var> loss_val </var><argvalue> <var> weights </var><test> <funccall> <getattr> <var> batch_size </var>gpu </getattr> </funccall><var> use_gpu </var><var> batch_size </var> </test> </argvalue> </arguments> </funccall><funccall> <var> accuracy </var><arguments> <funccall> <getattr> <var> tf </var>argmax </getattr><arguments> <var> logits </var><argvalue> <var> axis </var><number> 1 </number> </argvalue> </arguments> </funccall><var> label </var> </arguments> </funccall> </suite> </for_stmt> </compound_stmt><return_stmt> <testlist> <funccall> <getattr> <funccall> <getattr> <var> mean_loss </var>result </getattr> </funccall>numpy </getattr> </funccall><funccall> <getattr> <funccall> <getattr> <var> accuracy </var>result </getattr> </funccall>numpy </getattr> </funccall> </testlist> </return_stmt> </suite> </funcdef> </compound_stmt><compound_stmt> <funcdef> _get_dataset_iterator<parameters> snli_databatch_size </parameters><suite> <string> """Get a data iterator for a split of SNLI data.

  Args:
    snli_data: A `data.SnliData` object.
    batch_size: The desired batch size.

  Returns:
    A dataset iterator.
  """ </string><compound_stmt> <with_stmt> <with_item> <funccall> <getattr> <var> tf </var>device </getattr><arguments> <string> "/device:CPU:0" </string> </arguments> </funccall> </with_item><suite> <expr_stmt> <var> dataset </var><funccall> <getattr> <getattr> <getattr> <var> tf </var>data </getattr>Dataset </getattr>from_generator </getattr><arguments> <funccall> <getattr> <var> snli_data </var>get_generator </getattr><arguments> <var> batch_size </var> </arguments> </funccall><tuple> <testlist_comp> <getattr> <var> tf </var>int64 </getattr><getattr> <var> tf </var>int64 </getattr><getattr> <var> tf </var>int64 </getattr><getattr> <var> tf </var>int64 </getattr><getattr> <var> tf </var>int64 </getattr> </testlist_comp> </tuple> </arguments> </funccall> </expr_stmt><expr_stmt> <var> dataset </var><funccall> <getattr> <var> dataset </var>shuffle </getattr><arguments> <funccall> <getattr> <var> snli_data </var>num_batches </getattr><arguments> <var> batch_size </var> </arguments> </funccall> </arguments> </funccall> </expr_stmt><return_stmt> <testlist> <funccall> <getattr> <var> tfe </var>Iterator </getattr><arguments> <var> dataset </var> </arguments> </funccall> </testlist> </return_stmt> </suite> </with_stmt> </compound_stmt> </suite> </funcdef> </compound_stmt><compound_stmt> <funcdef> train_spinn<parameters> embedtrain_datadev_datatest_dataconfig </parameters><suite> <string> """Train a SPINN model.

  Args:
    embed: The embedding matrix as a float32 numpy array with shape
      [vocabulary_size, word_vector_len]. word_vector_len is the length of a
      word embedding vector.
    train_data: An instance of `data.SnliData`, for the train split.
    dev_data: Same as above, for the dev split.
    test_data: Same as above, for the test split.
    config: A configuration object. See the argument to this Python binary for
      details.

  Returns:
    1. Final loss value on the test split.
    2. Final fraction of correct classifications on the test split.
  """ </string><expr_stmt> <var> use_gpu </var><and_test> <comparison> <funccall> <getattr> <var> tfe </var>num_gpus </getattr> </funccall>><number> 0 </number> </comparison><not> <getattr> <var> config </var>force_cpu </getattr> </not> </and_test> </expr_stmt><expr_stmt> <var> device </var><test> <string> "gpu:0" </string><var> use_gpu </var><string> "cpu:0" </string> </test> </expr_stmt><funccall> <var> print </var><arguments> <term> <string> "Using device: %s" </string>%<var> device </var> </term> </arguments> </funccall><expr_stmt> <var> log_header </var><atom> <string> "  Time Epoch Iteration Progress    (%Epoch)   Loss   Dev/Loss" </string><string> "     Accuracy  Dev/Accuracy" </string> </atom> </expr_stmt><expr_stmt> <var> log_template </var><atom> <string> "{:>6.0f} {:>5.0f} {:>9.0f} {:>5.0f}/{:<5.0f} {:>7.0f}% {:>8.6f} {} " </string><string> "{:12.4f} {}" </string> </atom> </expr_stmt><expr_stmt> <var> dev_log_template </var><atom> <string> "{:>6.0f} {:>5.0f} {:>9.0f} {:>5.0f}/{:<5.0f} {:>7.0f}% {:>8.6f} " </string><string> "{:8.6f} {:12.4f} {:12.4f}" </string> </atom> </expr_stmt><expr_stmt> <var> summary_writer </var><funccall> <getattr> <getattr> <getattr> <var> tf </var>contrib </getattr>summary </getattr>create_file_writer </getattr><arguments> <getattr> <var> config </var>logdir </getattr><argvalue> <var> flush_millis </var><number> 10000 </number> </argvalue> </arguments> </funccall> </expr_stmt><expr_stmt> <var> train_len </var><funccall> <getattr> <var> train_data </var>num_batches </getattr><arguments> <getattr> <var> config </var>batch_size </getattr> </arguments> </funccall> </expr_stmt><compound_stmt> <with_stmt> <with_item> <funccall> <getattr> <var> tf </var>device </getattr><arguments> <var> device </var> </arguments> </funccall> </with_item><with_item> <funccall> <getattr> <var> tfe </var>restore_variables_on_create </getattr><arguments> <funccall> <getattr> <getattr> <var> tf </var>train </getattr>latest_checkpoint </getattr><arguments> <getattr> <var> config </var>logdir </getattr> </arguments> </funccall> </arguments> </funccall> </with_item><with_item> <funccall> <getattr> <var> summary_writer </var>as_default </getattr> </funccall> </with_item><with_item> <funccall> <getattr> <getattr> <getattr> <var> tf </var>contrib </getattr>summary </getattr>always_record_summaries </getattr> </funccall> </with_item><suite> <expr_stmt> <var> model </var><funccall> <var> SNLIClassifier </var><arguments> <var> config </var><var> embed </var> </arguments> </funccall> </expr_stmt><expr_stmt> <var> global_step </var><funccall> <getattr> <getattr> <var> tf </var>train </getattr>get_or_create_global_step </getattr> </funccall> </expr_stmt><expr_stmt> <var> trainer </var><funccall> <var> SNLIClassifierTrainer </var><arguments> <var> model </var><getattr> <var> config </var>lr </getattr> </arguments> </funccall> </expr_stmt><expr_stmt> <var> start </var><funccall> <getattr> <var> time </var>time </getattr> </funccall> </expr_stmt><expr_stmt> <var> iterations </var><number> 0 </number> </expr_stmt><expr_stmt> <var> mean_loss </var><funccall> <getattr> <getattr> <var> tfe </var>metrics </getattr>Mean </getattr> </funccall> </expr_stmt><expr_stmt> <var> accuracy </var><funccall> <getattr> <getattr> <var> tfe </var>metrics </getattr>Accuracy </getattr> </funccall> </expr_stmt><funccall> <var> print </var><arguments> <var> log_header </var> </arguments> </funccall><compound_stmt> <for_stmt> <exprlist> <var> epoch </var> </exprlist><testlist> <funccall> <var> xrange </var><arguments> <getattr> <var> config </var>epochs </getattr> </arguments> </funccall> </testlist><suite> <expr_stmt> <var> batch_idx </var><number> 0 </number> </expr_stmt><compound_stmt> <for_stmt> <exprlist> <var> label </var><var> prem </var><var> prem_trans </var><var> hypo </var><var> hypo_trans </var> </exprlist><testlist> <funccall> <var> _get_dataset_iterator </var><arguments> <var> train_data </var><getattr> <var> config </var>batch_size </getattr> </arguments> </funccall> </testlist><suite> <compound_stmt> <if_stmt> <var> use_gpu </var><suite> <expr_stmt> <testlist_star_expr> <var> label </var><var> prem </var><var> hypo </var> </testlist_star_expr><testlist_star_expr> <funccall> <getattr> <var> label </var>gpu </getattr> </funccall><funccall> <getattr> <var> prem </var>gpu </getattr> </funccall><funccall> <getattr> <var> hypo </var>gpu </getattr> </funccall> </testlist_star_expr> </expr_stmt> </suite> </if_stmt> </compound_stmt><expr_stmt> <var> iterations </var><augassign> += </augassign><testlist> <number> 1 </number> </testlist> </expr_stmt><expr_stmt> <testlist_star_expr> <var> batch_train_loss </var><var> batch_train_logits </var> </testlist_star_expr><funccall> <getattr> <var> trainer </var>train_batch </getattr><arguments> <var> label </var><var> prem </var><var> prem_trans </var><var> hypo </var><var> hypo_trans </var> </arguments> </funccall> </expr_stmt><expr_stmt> <var> batch_size </var><getitem> <funccall> <getattr> <var> tf </var>shape </getattr><arguments> <var> label </var> </arguments> </funccall><subscriptlist> <subscript> <number> 0 </number> </subscript> </subscriptlist> </getitem> </expr_stmt><funccall> <var> mean_loss </var><arguments> <funccall> <getattr> <var> batch_train_loss </var>numpy </getattr> </funccall><argvalue> <var> weights </var><test> <funccall> <getattr> <var> batch_size </var>gpu </getattr> </funccall><var> use_gpu </var><var> batch_size </var> </test> </argvalue> </arguments> </funccall><funccall> <var> accuracy </var><arguments> <funccall> <getattr> <var> tf </var>argmax </getattr><arguments> <var> batch_train_logits </var><argvalue> <var> axis </var><number> 1 </number> </argvalue> </arguments> </funccall><var> label </var> </arguments> </funccall><compound_stmt> <if_stmt> <comparison> <term> <var> iterations </var>%<getattr> <var> config </var>save_every </getattr> </term>==<number> 0 </number> </comparison><suite> <expr_stmt> <var> all_variables </var><arith_expr> <getattr> <var> model </var>variables </getattr>+<list> <getattr> <var> trainer </var>learning_rate </getattr> </list>+<list> <var> global_step </var> </list> </arith_expr> </expr_stmt><expr_stmt> <var> saver </var><funccall> <getattr> <var> tfe </var>Saver </getattr><arguments> <var> all_variables </var> </arguments> </funccall> </expr_stmt><funccall> <getattr> <var> saver </var>save </getattr><arguments> <funccall> <getattr> <getattr> <var> os </var>path </getattr>join </getattr><arguments> <getattr> <var> config </var>logdir </getattr><string> "ckpt" </string> </arguments> </funccall><argvalue> <var> global_step </var><var> global_step </var> </argvalue> </arguments> </funccall> </suite> </if_stmt> </compound_stmt><compound_stmt> <if_stmt> <comparison> <term> <var> iterations </var>%<getattr> <var> config </var>dev_every </getattr> </term>==<number> 0 </number> </comparison><suite> <expr_stmt> <testlist_star_expr> <var> dev_loss </var><var> dev_frac_correct </var> </testlist_star_expr><funccall> <var> _evaluate_on_dataset </var><arguments> <var> dev_data </var><getattr> <var> config </var>batch_size </getattr><var> model </var><var> trainer </var><var> use_gpu </var> </arguments> </funccall> </expr_stmt><funccall> <var> print </var><arguments> <funccall> <getattr> <var> dev_log_template </var>format </getattr><arguments> <arith_expr> <funccall> <getattr> <var> time </var>time </getattr> </funccall>-<var> start </var> </arith_expr><var> epoch </var><var> iterations </var><arith_expr> <number> 1 </number>+<var> batch_idx </var> </arith_expr><var> train_len </var><term> <number> 100.0 </number>*<arith_expr> <number> 1 </number>+<var> batch_idx </var> </arith_expr>/<var> train_len </var> </term><funccall> <getattr> <var> mean_loss </var>result </getattr> </funccall><var> dev_loss </var><term> <funccall> <getattr> <var> accuracy </var>result </getattr> </funccall>*<number> 100.0 </number> </term><term> <var> dev_frac_correct </var>*<number> 100.0 </number> </term> </arguments> </funccall> </arguments> </funccall><funccall> <getattr> <getattr> <getattr> <var> tf </var>contrib </getattr>summary </getattr>scalar </getattr><arguments> <string> "dev/loss" </string><var> dev_loss </var> </arguments> </funccall><funccall> <getattr> <getattr> <getattr> <var> tf </var>contrib </getattr>summary </getattr>scalar </getattr><arguments> <string> "dev/accuracy" </string><var> dev_frac_correct </var> </arguments> </funccall> </suite><comparison> <term> <var> iterations </var>%<getattr> <var> config </var>log_every </getattr> </term>==<number> 0 </number> </comparison><suite> <expr_stmt> <var> mean_loss_val </var><funccall> <getattr> <var> mean_loss </var>result </getattr> </funccall> </expr_stmt><expr_stmt> <var> accuracy_val </var><funccall> <getattr> <var> accuracy </var>result </getattr> </funccall> </expr_stmt><funccall> <var> print </var><arguments> <funccall> <getattr> <var> log_template </var>format </getattr><arguments> <arith_expr> <funccall> <getattr> <var> time </var>time </getattr> </funccall>-<var> start </var> </arith_expr><var> epoch </var><var> iterations </var><arith_expr> <number> 1 </number>+<var> batch_idx </var> </arith_expr><var> train_len </var><term> <number> 100.0 </number>*<arith_expr> <number> 1 </number>+<var> batch_idx </var> </arith_expr>/<var> train_len </var> </term><var> mean_loss_val </var><term> <string> " " </string>*<number> 8 </number> </term><term> <var> accuracy_val </var>*<number> 100.0 </number> </term><term> <string> " " </string>*<number> 12 </number> </term> </arguments> </funccall> </arguments> </funccall><funccall> <getattr> <getattr> <getattr> <var> tf </var>contrib </getattr>summary </getattr>scalar </getattr><arguments> <string> "train/loss" </string><var> mean_loss_val </var> </arguments> </funccall><funccall> <getattr> <getattr> <getattr> <var> tf </var>contrib </getattr>summary </getattr>scalar </getattr><arguments> <string> "train/accuracy" </string><var> accuracy_val </var> </arguments> </funccall><expr_stmt> <var> mean_loss </var><funccall> <getattr> <getattr> <var> tfe </var>metrics </getattr>Mean </getattr> </funccall> </expr_stmt><expr_stmt> <var> accuracy </var><funccall> <getattr> <getattr> <var> tfe </var>metrics </getattr>Accuracy </getattr> </funccall> </expr_stmt> </suite> </if_stmt> </compound_stmt><expr_stmt> <var> batch_idx </var><augassign> += </augassign><testlist> <number> 1 </number> </testlist> </expr_stmt> </suite> </for_stmt> </compound_stmt><compound_stmt> <if_stmt> <comparison> <term> <arith_expr> <var> epoch </var>+<number> 1 </number> </arith_expr>%<getattr> <var> config </var>lr_decay_every </getattr> </term>==<number> 0 </number> </comparison><suite> <funccall> <getattr> <var> trainer </var>decay_learning_rate </getattr><arguments> <getattr> <var> config </var>lr_decay_by </getattr> </arguments> </funccall> </suite> </if_stmt> </compound_stmt> </suite> </for_stmt> </compound_stmt><expr_stmt> <testlist_star_expr> <var> test_loss </var><var> test_frac_correct </var> </testlist_star_expr><funccall> <var> _evaluate_on_dataset </var><arguments> <var> test_data </var><getattr> <var> config </var>batch_size </getattr><var> model </var><var> trainer </var><var> use_gpu </var> </arguments> </funccall> </expr_stmt><funccall> <var> print </var><arguments> <term> <string> "Final test loss: %g; accuracy: %g%%" </string>%<tuple> <testlist_comp> <var> test_loss </var><term> <var> test_frac_correct </var>*<number> 100.0 </number> </term> </testlist_comp> </tuple> </term> </arguments> </funccall> </suite> </with_stmt> </compound_stmt> </suite> </funcdef> </compound_stmt><compound_stmt> <funcdef> main<parameters> _ </parameters><suite> <expr_stmt> <var> config </var><var> FLAGS </var> </expr_stmt><expr_stmt> <var> vocab </var><funccall> <getattr> <var> data </var>load_vocabulary </getattr><arguments> <getattr> <var> FLAGS </var>data_root </getattr> </arguments> </funccall> </expr_stmt><expr_stmt> <testlist_star_expr> <var> word2index </var><var> embed </var> </testlist_star_expr><funccall> <getattr> <var> data </var>load_word_vectors </getattr><arguments> <getattr> <var> FLAGS </var>data_root </getattr><var> vocab </var> </arguments> </funccall> </expr_stmt><funccall> <var> print </var><arguments> <string> "Loading train, dev and test data..." </string> </arguments> </funccall><expr_stmt> <var> train_data </var><funccall> <getattr> <var> data </var>SnliData </getattr><arguments> <funccall> <getattr> <getattr> <var> os </var>path </getattr>join </getattr><arguments> <getattr> <var> FLAGS </var>data_root </getattr><string> "snli/snli_1.0/snli_1.0_train.txt" </string> </arguments> </funccall><var> word2index </var><argvalue> <var> sentence_len_limit </var><getattr> <var> FLAGS </var>sentence_len_limit </getattr> </argvalue> </arguments> </funccall> </expr_stmt><expr_stmt> <var> dev_data </var><funccall> <getattr> <var> data </var>SnliData </getattr><arguments> <funccall> <getattr> <getattr> <var> os </var>path </getattr>join </getattr><arguments> <getattr> <var> FLAGS </var>data_root </getattr><string> "snli/snli_1.0/snli_1.0_dev.txt" </string> </arguments> </funccall><var> word2index </var><argvalue> <var> sentence_len_limit </var><getattr> <var> FLAGS </var>sentence_len_limit </getattr> </argvalue> </arguments> </funccall> </expr_stmt><expr_stmt> <var> test_data </var><funccall> <getattr> <var> data </var>SnliData </getattr><arguments> <funccall> <getattr> <getattr> <var> os </var>path </getattr>join </getattr><arguments> <getattr> <var> FLAGS </var>data_root </getattr><string> "snli/snli_1.0/snli_1.0_test.txt" </string> </arguments> </funccall><var> word2index </var><argvalue> <var> sentence_len_limit </var><getattr> <var> FLAGS </var>sentence_len_limit </getattr> </argvalue> </arguments> </funccall> </expr_stmt><funccall> <var> train_spinn </var><arguments> <var> embed </var><var> train_data </var><var> dev_data </var><var> test_data </var><var> config </var> </arguments> </funccall> </suite> </funcdef> </compound_stmt><compound_stmt> <if_stmt> <comparison> <var> __name__ </var>==<string> "__main__" </string> </comparison><suite> <expr_stmt> <var> parser </var><funccall> <getattr> <var> argparse </var>ArgumentParser </getattr><arguments> <argvalue> <var> description </var><string> "TensorFlow eager implementation of the SPINN SNLI classifier." </string> </argvalue> </arguments> </funccall> </expr_stmt><funccall> <getattr> <var> parser </var>add_argument </getattr><arguments> <string> "--data_root" </string><argvalue> <var> type </var><var> str </var> </argvalue><argvalue> <var> default </var><string> "/tmp/spinn-data" </string> </argvalue><argvalue> <var> help </var><atom> <string> "Root directory in which the training data and " </string><string> "embedding matrix are found. See README.md for how to " </string><string> "generate such a directory." </string> </atom> </argvalue> </arguments> </funccall><funccall> <getattr> <var> parser </var>add_argument </getattr><arguments> <string> "--sentence_len_limit" </string><argvalue> <var> type </var><var> int </var> </argvalue><argvalue> <var> default </var><factor> -<number> 1 </number> </factor> </argvalue><argvalue> <var> help </var><atom> <string> "Maximum allowed sentence length (# of words). " </string><string> "The default of -1 means unlimited." </string> </atom> </argvalue> </arguments> </funccall><funccall> <getattr> <var> parser </var>add_argument </getattr><arguments> <string> "--logdir" </string><argvalue> <var> type </var><var> str </var> </argvalue><argvalue> <var> default </var><string> "/tmp/spinn-logs" </string> </argvalue><argvalue> <var> help </var><atom> <string> "Directory in which summaries will be written for " </string><string> "TensorBoard." </string> </atom> </argvalue> </arguments> </funccall><funccall> <getattr> <var> parser </var>add_argument </getattr><arguments> <string> "--epochs" </string><argvalue> <var> type </var><var> int </var> </argvalue><argvalue> <var> default </var><number> 50 </number> </argvalue><argvalue> <var> help </var><string> "Number of epochs to train." </string> </argvalue> </arguments> </funccall><funccall> <getattr> <var> parser </var>add_argument </getattr><arguments> <string> "--batch_size" </string><argvalue> <var> type </var><var> int </var> </argvalue><argvalue> <var> default </var><number> 128 </number> </argvalue><argvalue> <var> help </var><string> "Batch size to use during training." </string> </argvalue> </arguments> </funccall><funccall> <getattr> <var> parser </var>add_argument </getattr><arguments> <string> "--d_proj" </string><argvalue> <var> type </var><var> int </var> </argvalue><argvalue> <var> default </var><number> 600 </number> </argvalue><argvalue> <var> help </var><atom> <string> "Dimensions to project the word embedding vectors " </string><string> "to." </string> </atom> </argvalue> </arguments> </funccall><funccall> <getattr> <var> parser </var>add_argument </getattr><arguments> <string> "--d_hidden" </string><argvalue> <var> type </var><var> int </var> </argvalue><argvalue> <var> default </var><number> 300 </number> </argvalue><argvalue> <var> help </var><string> "Size of the hidden layer of the Tracker." </string> </argvalue> </arguments> </funccall><funccall> <getattr> <var> parser </var>add_argument </getattr><arguments> <string> "--d_out" </string><argvalue> <var> type </var><var> int </var> </argvalue><argvalue> <var> default </var><number> 4 </number> </argvalue><argvalue> <var> help </var><string> "Output dimensions of the SNLIClassifier." </string> </argvalue> </arguments> </funccall><funccall> <getattr> <var> parser </var>add_argument </getattr><arguments> <string> "--d_mlp" </string><argvalue> <var> type </var><var> int </var> </argvalue><argvalue> <var> default </var><number> 1024 </number> </argvalue><argvalue> <var> help </var><atom> <string> "Size of each layer of the multi-layer perceptron " </string><string> "of the SNLICLassifier." </string> </atom> </argvalue> </arguments> </funccall><funccall> <getattr> <var> parser </var>add_argument </getattr><arguments> <string> "--n_mlp_layers" </string><argvalue> <var> type </var><var> int </var> </argvalue><argvalue> <var> default </var><number> 2 </number> </argvalue><argvalue> <var> help </var><atom> <string> "Number of layers in the multi-layer perceptron " </string><string> "of the SNLICLassifier." </string> </atom> </argvalue> </arguments> </funccall><funccall> <getattr> <var> parser </var>add_argument </getattr><arguments> <string> "--d_tracker" </string><argvalue> <var> type </var><var> int </var> </argvalue><argvalue> <var> default </var><number> 64 </number> </argvalue><argvalue> <var> help </var><string> "Size of the tracker LSTM." </string> </argvalue> </arguments> </funccall><funccall> <getattr> <var> parser </var>add_argument </getattr><arguments> <string> "--log_every" </string><argvalue> <var> type </var><var> int </var> </argvalue><argvalue> <var> default </var><number> 50 </number> </argvalue><argvalue> <var> help </var><atom> <string> "Print log and write TensorBoard summary every _ " </string><string> "training batches." </string> </atom> </argvalue> </arguments> </funccall><funccall> <getattr> <var> parser </var>add_argument </getattr><arguments> <string> "--lr" </string><argvalue> <var> type </var><var> float </var> </argvalue><argvalue> <var> default </var><number> 2e-3 </number> </argvalue><argvalue> <var> help </var><string> "Initial learning rate." </string> </argvalue> </arguments> </funccall><funccall> <getattr> <var> parser </var>add_argument </getattr><arguments> <string> "--lr_decay_by" </string><argvalue> <var> type </var><var> float </var> </argvalue><argvalue> <var> default </var><number> 0.75 </number> </argvalue><argvalue> <var> help </var><atom> <string> "The ratio to multiply the learning rate by every " </string><string> "time the learning rate is decayed." </string> </atom> </argvalue> </arguments> </funccall><funccall> <getattr> <var> parser </var>add_argument </getattr><arguments> <string> "--lr_decay_every" </string><argvalue> <var> type </var><var> float </var> </argvalue><argvalue> <var> default </var><number> 1 </number> </argvalue><argvalue> <var> help </var><string> "Decay the learning rate every _ epoch(s)." </string> </argvalue> </arguments> </funccall><funccall> <getattr> <var> parser </var>add_argument </getattr><arguments> <string> "--dev_every" </string><argvalue> <var> type </var><var> int </var> </argvalue><argvalue> <var> default </var><number> 1000 </number> </argvalue><argvalue> <var> help </var><atom> <string> "Run evaluation on the dev split every _ training " </string><string> "batches." </string> </atom> </argvalue> </arguments> </funccall><funccall> <getattr> <var> parser </var>add_argument </getattr><arguments> <string> "--save_every" </string><argvalue> <var> type </var><var> int </var> </argvalue><argvalue> <var> default </var><number> 1000 </number> </argvalue><argvalue> <var> help </var><string> "Save checkpoint every _ training batches." </string> </argvalue> </arguments> </funccall><funccall> <getattr> <var> parser </var>add_argument </getattr><arguments> <string> "--embed_dropout" </string><argvalue> <var> type </var><var> float </var> </argvalue><argvalue> <var> default </var><number> 0.08 </number> </argvalue><argvalue> <var> help </var><string> "Word embedding dropout rate." </string> </argvalue> </arguments> </funccall><funccall> <getattr> <var> parser </var>add_argument </getattr><arguments> <string> "--mlp_dropout" </string><argvalue> <var> type </var><var> float </var> </argvalue><argvalue> <var> default </var><number> 0.07 </number> </argvalue><argvalue> <var> help </var><atom> <string> "SNLIClassifier multi-layer perceptron dropout " </string><string> "rate." </string> </atom> </argvalue> </arguments> </funccall><funccall> <getattr> <var> parser </var>add_argument </getattr><arguments> <string> "--no-projection" </string><argvalue> <var> action </var><string> "store_false" </string> </argvalue><argvalue> <var> dest </var><string> "projection" </string> </argvalue><argvalue> <var> help </var><atom> <string> "Whether word embedding vectors are projected to " </string><string> "another set of vectors (see d_proj)." </string> </atom> </argvalue> </arguments> </funccall><funccall> <getattr> <var> parser </var>add_argument </getattr><arguments> <string> "--predict_transitions" </string><argvalue> <var> action </var><string> "store_true" </string> </argvalue><argvalue> <var> dest </var><string> "predict" </string> </argvalue><argvalue> <var> help </var><string> "Whether the Tracker will perform prediction." </string> </argvalue> </arguments> </funccall><funccall> <getattr> <var> parser </var>add_argument </getattr><arguments> <string> "--force_cpu" </string><argvalue> <var> action </var><string> "store_true" </string> </argvalue><argvalue> <var> dest </var><string> "force_cpu" </string> </argvalue><argvalue> <var> help </var><atom> <string> "Force use CPU-only regardless of whether a GPU is " </string><string> "available." </string> </atom> </argvalue> </arguments> </funccall><expr_stmt> <testlist_star_expr> <var> FLAGS </var><var> unparsed </var> </testlist_star_expr><funccall> <getattr> <var> parser </var>parse_known_args </getattr> </funccall> </expr_stmt><funccall> <getattr> <var> tfe </var>run </getattr><arguments> <argvalue> <var> main </var><var> main </var> </argvalue><argvalue> <var> argv </var><arith_expr> <list> <getitem> <getattr> <var> sys </var>argv </getattr><subscriptlist> <subscript> <number> 0 </number> </subscript> </subscriptlist> </getitem> </list>+<var> unparsed </var> </arith_expr> </argvalue> </arguments> </funccall> </suite> </if_stmt> </compound_stmt> </root>
</xml>
